author_name,rating
Quỳnh Như,5
Trung hight PQT,5
Thuy Van Tran,5
Tra Pham,4
Ngan Phan,5
nga Le,5
Của Hàng Điện Thoại Di Động NGỌC TUYÊN,5
Son Phan,5
Steffen Eckhardt,5
Christoph,1
Trinh nguyen,4
Quán Lê Văn,5
Lê văn Hùng,5
Tin Nguyen,5
Giang Quỳnh,5
mike brask,5
Khôi Huỳnh,4
Em Morrison,5
Adam Ricketts,2
Lillian Sindborg,5
Iveta Pilipaityte,5
Suu ATing,5
Xuân Tạ ngôn thị thanh,5
Huỳnh Thiện,5
W . A . O,5
김규민 (세뇰김),5
Son Phan,5
Uyên Phạm,5
Mận Hồng,5
Tuyển Phạm Quang,5
Quang Béo Official,4
Na Trần,5
Nguyễn Quang Hiền,5
Vy Khuong,5
Thiện Nguyễn,5
Tài Nguyễn,5
Kim Tuyết Nguyễn Thị,5
Trân Phạm,5
Huy Huy,5
Letro 2410,5
Spa Hiền,5
Thu Hằng,5
Phuong Nguyen,5
thao Le,5
Linh Tran,5
Binh Binh,5
Bùi Jenny,4
Thị Kiều Hồ,5
Mỹ Kiều Ngô Thị,5
Kỳ Nguyễn,5
Nở hoa Lòng địch,5
Lực Văn,5
Thành Duy “THÀNH DUY”,5
Anh Hồng,5
Trần Duy Hiệp,4
Huy Nguyen Ngoc,5
Phong Nguyễn đình,5
tm h,3
Chín Nguyễn Công,3
VIN LE KA,5
HỒ VĂN TỊNH,4
Icon Facebook,4
Nguyen Vu,5
Phuc Truong,5
Quốc cường Nguyễn,5
Елена Милюкова,2
P,4
Chống thấm Jison Thanh Phú,5
Linh Ho,1
Lan Huynh,5
hung nguyen,5
T99 Group,5
Tien Minh Công ty TNHH MTV,5
Đoàn Thị Sơn Ka,5
Lái Xe hộ Đà Nẵng (Lái xe hộ Đà Nẵng),5
Daria Shatilo,5
Nam Nguyen,1
quyen da,1
Hoang Thong Nguyen,5
陳品宏,5
Thảo Nhi Trần Lê,5
PHAN THANH DUAN,5
July Quyên,4
Ly & Heiko - VIETNAM,5
Anh Tran,5
Hoai duyen Tran,4
Ngọc Vũ Huỳnh,5
Nguyễn Khương Giang,3
P,4
tran Bao,5
Diễm Trầm Hương,5
Bản Trần,5
Quán Lê Văn,5
THƯƠNG TRẦN,5
Coffee & Tea Fin,5
Tuấn MTA,5
Trí Phan,5
C H Ạ N G V Ạ N G,5
Bùi Thịnh (Thịnh ngân),5
toan khong,1
Katina,5
thanh nguyen,5
Hùng Tao,5
Trinh Nguyễn,5
Trí Minh,5
Thơm Nguyễn Thị,5
Triết Đoàn,5
Đoàn Nam,5
Thị Quý Lê,5
Trương Ngọc Hà,5
thao tran,5
Vương Hoàng,5
Trung Nguyen,5
Huy Anh,5
Thu Đinh,5
Mr Vu,5
Jinnie Jinni,5
Võ Thị Ngọc Thảo,5
phuong tran,5
Thuong Dinh,5
Ha Nguyen,5
Nancy Nguyen,5
Phi Tran,5
Hùng Phạm,4
Duy Nghĩa Bùi,4
Nguyễn Đức Sáng,5
Huyền Trang,5
Alex Supertramp,5
Son Nguyen truong,5
trung tran,4
Chí Lâm Trương,5
Bản Trần,5
Nt. Hoai Arch,5
Thanh Huu Nguyen,5
Cuong NC,1
Tu Le,5
Peter Yoon,5
Như Ngọc,5
Thu Huyền Tăng,5
Vu Le,4
Huynh Alex,5
Tsung Min Yang,5
Huy Gia,5
Trinh Huỳnh,5
Ngọc Mỹ,5
Sơn Phạm,5
Freefilehack Acc,5
Trung Hậu Trần,5
Tuấn Đào Văn,5
Thành Khang Ng,5
Bbnn Ggybyb,5
Twived Tuebs,5
Sang Dao,5
Tu Le,5
Thu Trang Lê,5
nguyễn thanh trang,5
Như Thạ,5
khanh dang,5
Tân Dương,5
Huy Pham,5
Hoàng Trần,5
Nam Ka,5
Tấn Dũng Huỳnh,5
Tấn Đức Lê,5
Dủ A,5
Thao Van Tran Thi,5
Ruby Gốm Nhật_ Gốm Nhà,5
Hai Nguyen,5
Viết Hùng Trần,5
Trần Mai Sương,5
Mỹ Dung Lê Thị,5
phuong Ngoc,5
Lukáš Hopper,5
ny na dinh,5
Khánh Dương Hồ,5
Nguyễn Hoàng Trâm Anh,5
Hiển Phùng,5
Hiếu Phương,5
Yen Nguyen,5
Thao Dang,5
Quang Nguyễn,5
Tú,5
Dũng Võ Tiến,5
Photo Lê Vấn,5
Vu Ngoc Trung,5
Hoai Ka Phu,5
Walter Ehrmantraut,3
Phuoc Xuan,5
Bá An Nguyễn,5
Loc Tran,3
CTS Dragon,5
Almanbet Sherov,5
nhai briu,5
Thị Huệ Alăng,5
Briu Sơn,5
Nhụy Alăng,4
Vinh Tấn,5
Khong BichNgoc,3
Lê Thê Sô Kê,5
Vũ Huy Hoàng,4
la Tu,5
thuy doan,5
Kiên Nguyễn,5
Khánh Đoan Trần Lê,5
Jana Christmann,2
Janus Kiong,4
TC HONG,5
thao dang,5
Huan Quoc,5
Hứa Thị Nguyệt Quế,5
Giang Hồng,5
Gia Hân,5
Vy Le,5
Hội An Nem’s House,5
P,4
Phan Đạt,5
Duy Đăng,5
Thị Ngọc Ánh Võ,5
Dóe rong chơi,5
nhi luong,3
Trang Nguyen,5
HoaPhuong 27,5
Ngân Hoàng,5
Viết Hải Phan,5
Shadow Khue,5
Tùng nguyễn,5
Nhi Nguyễn,5
Thieu Quang Thang,4
Vũ Nguyễn,5
quang muahang,5
diệp nguyễn ngọc,5
Đông Hà Lê Thị,5
Lê Nguyễn Nhật Trường,5
nguyên thảo,5
Thanh Hương Đinh,5
Trân Phạm,5
Bùi Hồ Tâm Anh (Evelynn),5
Bảo Ngọc Bùi Hồ,5
Binh Nguyen,5
Thị Bích Thùy Nguyễn,5
hieu tran,5
Lynn Phương,5
Sang Truongxuan,5
Kaames Logan,5
tuan nguyen,5
Hồng Yến,5
Việt Hoàng Ngô,5
T. Sweetheart,5
Quân Nguyễn Đắc Hoàng Minh,5
Lê Thị Tường Vi (Libi),5
Trang Lê Thị Minh,5
Huyền Huỳnh Thị Ngọc,5
Cát Tường Ngô,5
thuyphuong ngo,5
Nguyễn Bảo,2
Quốc cường Nguyễn,5
Dung Y,5
Chung Huynh vlog,5
Vương Võ Minh,5
Nhật Thái,1
Trương Minh Quang,5
nhi ý ngô trần,1
Khánh Trình,5
Hồng Hông,5
thuan le,5
Huy Nguyễn Minh,5
Lukáš Hopper,5
Vy Nhật,5
Duc Duy Bui,5
Byeong Park,4
Tiến Nguyễn,5
Đặng Đức Vũ,4
Xuân Trinh Đoàn,5
pops cho,3
Hoàng Đặng,5
Ngọc Lê Nho,5
